{
  "id": -1,
  "fieldErrors": [],
  "sError": "",
  "aaData": [
    {
      "DT_RowId": "row_1",
      "engine": "Trident",
      "browser": "Internet Explorer 4.0",
      "platform": "Win 95+",
      "version": "4",
      "grade": "X"
    },
    {
      "DT_RowId": "row_2",
      "engine": "Trident",
      "browser": "Internet Explorer 5.0",
      "platform": "Win 95+",
      "version": "5",
      "grade": "C"
    },
    {
      "DT_RowId": "row_3",
      "engine": "Trident",
      "browser": "Internet Explorer 5.5",
      "platform": "Win 95+",
      "version": "5.5",
      "grade": "A"
    },
    {
      "DT_RowId": "row_4",
      "engine": "Trident",
      "browser": "Internet Explorer 6",
      "platform": "Win 98+",
      "version": "6",
      "grade": "A"
    },
    {
      "DT_RowId": "row_5",
      "engine": "Trident",
      "browser": "Internet Explorer 7",
      "platform": "Win XP SP2+",
      "version": "7",
      "grade": "A"
    },
    {
      "DT_RowId": "row_6",
      "engine": "Trident",
      "browser": "AOL browser (AOL desktop)",
      "platform": "Win XP",
      "version": "6",
      "grade": "A"
    },
    {
      "DT_RowId": "row_7",
      "engine": "Gecko",
      "browser": "Firefox 1.0",
      "platform": "Win 98+ / OSX.2+",
      "version": "1.7",
      "grade": "A"
    },
    {
      "DT_RowId": "row_8",
      "engine": "Gecko",
      "browser": "Firefox 1.5",
      "platform": "Win 98+ / OSX.2+",
      "version": "1.8",
      "grade": "A"
    },
    {
      "DT_RowId": "row_9",
      "engine": "Gecko",
      "browser": "Firefox 2.0",
      "platform": "Win 98+ / OSX.2+",
      "version": "1.8",
      "grade": "A"
    },
    {
      "DT_RowId": "row_10",
      "engine": "Gecko",
      "browser": "Firefox 3.0",
      "platform": "Win 2k+ / OSX.3+",
      "version": "1.9",
      "grade": "A"
    },
    {
      "DT_RowId": "row_11",
      "engine": "Gecko",
      "browser": "Camino 1.0",
      "platform": "OSX.2+",
      "version": "1.8",
      "grade": "A"
    },
    {
      "DT_RowId": "row_12",
      "engine": "Gecko",
      "browser": "Camino 1.5",
      "platform": "OSX.3+",
      "version": "1.8",
      "grade": "A"
    },
    {
      "DT_RowId": "row_13",
      "engine": "Gecko",
      "browser": "Netscape 7.2",
      "platform": "Win 95+ / Mac OS 8.6-9.2",
      "version": "1.7",
      "grade": "A"
    },
    {
      "DT_RowId": "row_14",
      "engine": "Gecko",
      "browser": "Netscape Browser 8",
      "platform": "Win 98SE+",
      "version": "1.7",
      "grade": "A"
    },
    {
      "DT_RowId": "row_15",
      "engine": "Gecko",
      "browser": "Netscape Navigator 9",
      "platform": "Win 98+ / OSX.2+",
      "version": "1.8",
      "grade": "A"
    },
    {
      "DT_RowId": "row_16",
      "engine": "Gecko",
      "browser": "Mozilla 1.0",
      "platform": "Win 95+ / OSX.1+",
      "version": "1",
      "grade": "A"
    },
    {
      "DT_RowId": "row_19",
      "engine": "Gecko",
      "browser": "Mozilla 1.3",
      "platform": "Win 95+ / OSX.1+",
      "version": "1.3",
      "grade": "A"
    },
    {
      "DT_RowId": "row_22",
      "engine": "Gecko",
      "browser": "Mozilla 1.6",
      "platform": "Win 95+ / OSX.1+",
      "version": "1.6",
      "grade": "A"
    },
    {
      "DT_RowId": "row_23",
      "engine": "Gecko",
      "browser": "Mozilla 1.7",
      "platform": "Win 98+ / OSX.1+",
      "version": "1.7",
      "grade": "A"
    },
    {
      "DT_RowId": "row_58",
      "engine": "webkit",
      "browser": "mozilla",
      "platform": "windows",
      "version": "22.3",
      "grade": "a"
    },
    {
      "DT_RowId": "row_25",
      "engine": "Gecko",
      "browser": "Seamonkey 1.1",
      "platform": "Win 98+ / OSX.2+",
      "version": "1.8",
      "grade": "A"
    },
    {
      "DT_RowId": "row_26",
      "engine": "Gecko",
      "browser": "Epiphany 2.20",
      "platform": "Gnome",
      "version": "1.8",
      "grade": "A"
    },
    {
      "DT_RowId": "row_27",
      "engine": "Webkit",
      "browser": "Safari 1.2",
      "platform": "OSX.3",
      "version": "125.5",
      "grade": "A"
    },
    {
      "DT_RowId": "row_28",
      "engine": "Webkit",
      "browser": "Safari 1.3",
      "platform": "OSX.3",
      "version": "312.8",
      "grade": "A"
    },
    {
      "DT_RowId": "row_29",
      "engine": "Webkit",
      "browser": "Safari 2.0",
      "platform": "OSX.4+",
      "version": "419.3",
      "grade": "A"
    },
    {
      "DT_RowId": "row_30",
      "engine": "Webkit",
      "browser": "Safari 3.0",
      "platform": "OSX.4+",
      "version": "522.1",
      "grade": "A"
    },
    {
      "DT_RowId": "row_31",
      "engine": "Webkit",
      "browser": "OmniWeb 5.5",
      "platform": "OSX.4+",
      "version": "420",
      "grade": "A"
    },
    {
      "DT_RowId": "row_32",
      "engine": "Webkit",
      "browser": "iPod Touch / iPhone",
      "platform": "iPod",
      "version": "420.1",
      "grade": "A"
    },
    {
      "DT_RowId": "row_33",
      "engine": "Webkit",
      "browser": "S60",
      "platform": "S60",
      "version": "413",
      "grade": "A"
    },
    {
      "DT_RowId": "row_34",
      "engine": "Presto",
      "browser": "Opera 7.0",
      "platform": "Win 95+ / OSX.1+",
      "version": null,
      "grade": "A"
    },
    {
      "DT_RowId": "row_35",
      "engine": "Presto",
      "browser": "Opera 7.5",
      "platform": "Win 95+ / OSX.2+",
      "version": null,
      "grade": "A"
    },
    {
      "DT_RowId": "row_36",
      "engine": "Presto",
      "browser": "Opera 8.0",
      "platform": "Win 95+ / OSX.2+",
      "version": null,
      "grade": "A"
    },
    {
      "DT_RowId": "row_37",
      "engine": "Presto",
      "browser": "Opera 8.5",
      "platform": "Win 95+ / OSX.2+",
      "version": null,
      "grade": "A"
    },
    {
      "DT_RowId": "row_38",
      "engine": "Presto",
      "browser": "Opera 9.0",
      "platform": "Win 95+ / OSX.3+",
      "version": null,
      "grade": "A"
    },
    {
      "DT_RowId": "row_39",
      "engine": "Presto",
      "browser": "Opera 9.2",
      "platform": "Win 88+ / OSX.3+",
      "version": null,
      "grade": "A"
    },
    {
      "DT_RowId": "row_40",
      "engine": "Presto",
      "browser": "Opera 9.5",
      "platform": "Win 88+ / OSX.3+",
      "version": null,
      "grade": "A"
    },
    {
      "DT_RowId": "row_41",
      "engine": "Presto",
      "browser": "Opera for Wii",
      "platform": "Wii",
      "version": null,
      "grade": "A"
    },
    {
      "DT_RowId": "row_42",
      "engine": "Presto",
      "browser": "Nokia N800",
      "platform": "N800",
      "version": null,
      "grade": "A"
    },
    {
      "DT_RowId": "row_43",
      "engine": "Presto",
      "browser": "Nintendo DS browser",
      "platform": "Nintendo DS",
      "version": "8.5",
      "grade": "C"
    },
    {
      "DT_RowId": "row_44",
      "engine": "KHTML",
      "browser": "Konqureror 3.1",
      "platform": "KDE 3.1",
      "version": "3.1",
      "grade": "C"
    },
    {
      "DT_RowId": "row_45",
      "engine": "KHTML",
      "browser": "Konqureror 3.3",
      "platform": "KDE 3.3",
      "version": "3.3",
      "grade": "A"
    },
    {
      "DT_RowId": "row_46",
      "engine": "KHTML",
      "browser": "Konqureror 3.5",
      "platform": "KDE 3.5",
      "version": "3.5",
      "grade": "A"
    },
    {
      "DT_RowId": "row_47",
      "engine": "Tasman",
      "browser": "Internet Explorer 4.5",
      "platform": "Mac OS 8-9",
      "version": null,
      "grade": "X"
    },
    {
      "DT_RowId": "row_48",
      "engine": "Tasman",
      "browser": "Internet Explorer 5.1",
      "platform": "Mac OS 7.6-9",
      "version": "1",
      "grade": "C"
    },
    {
      "DT_RowId": "row_49",
      "engine": "Tasman",
      "browser": "Internet Explorer 5.2",
      "platform": "Mac OS 8-X",
      "version": "1",
      "grade": "C"
    },
    {
      "DT_RowId": "row_50",
      "engine": "Misc",
      "browser": "NetFront 3.1",
      "platform": "Embedded devices",
      "version": null,
      "grade": "C"
    },
    {
      "DT_RowId": "row_51",
      "engine": "Misc",
      "browser": "NetFront 3.4",
      "platform": "Embedded devices",
      "version": null,
      "grade": "A"
    },
    {
      "DT_RowId": "row_52",
      "engine": "Misc",
      "browser": "Dillo 0.8",
      "platform": "Embedded devices",
      "version": null,
      "grade": "X"
    },
    {
      "DT_RowId": "row_53",
      "engine": "Misc",
      "browser": "Links",
      "platform": "Text only",
      "version": null,
      "grade": "X"
    },
    {
      "DT_RowId": "row_54",
      "engine": "Misc",
      "browser": "Lynx",
      "platform": "Text only",
      "version": null,
      "grade": "X"
    },
    {
      "DT_RowId": "row_55",
      "engine": "Misc",
      "browser": "IE Mobile",
      "platform": "Windows Mobile 6",
      "version": null,
      "grade": "C"
    },
    {
      "DT_RowId": "row_56",
      "engine": "Misc",
      "browser": "PSP browser",
      "platform": "PSP",
      "version": null,
      "grade": "C"
    },
    {
      "DT_RowId": "row_57",
      "engine": "Other browsers",
      "browser": "All others",
      "platform": "",
      "version": null,
      "grade": "U"
    }
  ]
}